A2,B2,n2
1.76E-08,0.001023,1.98
3.52E-08,0.003117,1.893
1.40E-08,0.001329,2
7.42E-08,0.001261,1.796
4.20E-08,0.001403,1.85
9.30E-08,0.001224,1.746
2.21E-08,0.001143,1.939
6.14E-08,0.001691,1.78
8.67E-08,0.0008686,1.744
1.35E-08,0.00125,2
4.64E-08,0.00153,1.849
2.51E-08,0.001596,1.911
1.14E-07,0.001677,1.73
1.12E-07,0.001756,1.737
5.74E-08,0.001503,1.826
1.11E-07,0.0009325,1.71
2.86E-08,0.0007294,1.891
7.25E-08,0.001314,1.76
6.47E-08,0.002041,1.802
2.39E-07,0.002,1.635
1.58E-07,0.0008734,1.673
7.17E-07,0.0016,1.45
2.61E-08,0.0007619,1.917
5.63E-08,0.002103,1.813
1.45E-07,0.001181,1.671
8.46E-08,0.001079,1.743
3.82E-08,0.00115,1.865
6.12E-08,0.00114,1.78
1.40E-08,0.0007339,2
1.54E-08,0.001213,1.979
1.03E-07,0.001579,1.722
7.11E-08,0.00167,1.774
7.62E-08,0.00083,1.756
1.65E-08,0.001029,1.971
1.36E-08,0.001194,2
1.12E-07,0.0017,1.714
2.95E-08,0.001093,1.897
8.01E-07,0.003765,1.463
3.19E-07,0.002341,1.578
2.48E-08,0.001544,1.952
1.34E-07,0.001507,1.707
4.03E-08,0.0009073,1.858
7.36E-08,0.001209,1.757
2.21E-08,0.0006096,1.929
1.42E-08,0.0009112,2
1.08E-07,0.001383,1.737
1.86E-07,0.001991,1.67
1.38E-08,0.001248,2
2.41E-07,0.001989,1.62
1.11E-07,0.002696,1.76
3.97E-08,0.001055,1.876
2.82E-08,0.00136,1.905
4.81E-08,0.00113,1.819
1.12E-07,0.001454,1.703
1.30E-07,0.002217,1.7
3.29E-08,0.0007984,1.867
1.54E-08,0.000546,2
7.10E-08,0.0008759,1.773
1.36E-07,0.00259,1.705
4.25E-08,0.001606,1.85
3.09E-08,0.0006761,1.889
1.46E-08,0.001314,2
2.47E-08,0.001355,1.905
7.64E-08,0.001638,1.748
8.95E-08,0.001222,1.774
1.46E-08,0.002206,2
2.86E-07,0.00277,1.616
5.71E-08,0.001673,1.829
1.40E-07,0.002048,1.692
1.25E-07,0.0007869,1.698
9.91E-08,0.001347,1.715
3.04E-08,0.001221,1.901
1.65E-08,0.001906,2
4.75E-08,0.001883,1.834
1.32E-07,0.002386,1.684
1.45E-08,0.0007966,2
2.62E-07,0.001251,1.598
4.67E-08,0.001058,1.856
1.16E-08,0.00106,1.995
4.68E-08,0.001359,1.842
8.29E-08,0.001752,1.749
2.11E-07,0.002052,1.634
4.21E-08,0.0009653,1.847
7.88E-07,0.003035,1.442
2.72E-08,0.001025,1.922
3.45E-08,0.0007785,1.871
1.46E-08,0.001556,1.985
6.68E-08,0.001218,1.787
3.55E-08,0.001714,1.866
2.28E-07,0.002884,1.629
1.03E-07,0.001165,1.733
7.26E-08,0.001914,1.765
6.93E-08,0.001258,1.76
1.24E-08,0.0006675,2
1.40E-07,0.0008302,1.684
1.67E-08,0.001337,1.985
2.43E-08,0.001192,1.933
5.12E-08,0.0009815,1.818
2.07E-07,0.003908,1.638
7.43E-08,0.0009666,1.773
4.13E-08,0.001422,1.858
3.79E-08,0.001695,1.882
1.92E-07,0.001764,1.638
1.59E-08,0.001163,2
1.57E-08,0.00151,2
2.52E-08,0.001264,1.897
7.07E-08,0.001454,1.785
4.48E-07,0.001499,1.492
5.38E-08,0.0009956,1.815
1.62E-07,0.001369,1.667
4.34E-08,0.0006851,1.847
1.50E-07,0.000724,1.689
1.47E-08,0.0009703,2
8.19E-08,0.001018,1.788
1.23E-08,0.001005,2
9.05E-08,0.001594,1.741
1.39E-08,0.001584,2
7.11E-08,0.0009526,1.774
1.37E-08,0.0009543,2
3.21E-08,0.001424,1.887
1.29E-08,0.0008717,2
7.27E-08,0.0021,1.803
1.91E-08,0.001349,1.937
3.03E-08,0.001969,1.89
2.74E-08,0.0009223,1.916
8.88E-08,0.00129,1.763
7.18E-08,0.001647,1.806
3.87E-08,0.0009792,1.829
6.76E-08,0.001243,1.787
2.62E-08,0.001324,1.908
3.43E-08,0.00105,1.893
3.07E-08,0.0009108,1.914
3.46E-08,0.001294,1.883
1.45E-08,0.0007324,2
1.19E-07,0.001299,1.712
1.08E-07,0.0009108,1.728
7.98E-08,0.00172,1.767
3.06E-07,0.00181,1.571
3.27E-08,0.0008147,1.871
4.89E-08,0.0009629,1.836
2.54E-08,0.001917,1.941
1.56E-08,0.001209,1.988
1.88E-08,0.001679,1.942
4.83E-08,0.001016,1.84
9.15E-08,0.002157,1.769
1.46E-08,0.0007743,2
1.77E-08,0.0005905,1.972
6.92E-08,0.001204,1.814
1.98E-08,0.0007261,1.939
1.19E-07,0.00112,1.726
3.56E-08,0.002031,1.883
8.77E-08,0.002829,1.764
3.38E-07,0.0006948,1.579
1.57E-08,0.001116,1.995
1.52E-08,0.003046,2
1.66E-07,0.001136,1.635
2.46E-08,0.0008673,1.925
2.57E-08,0.001157,1.91
2.59E-08,0.00109,1.918
2.40E-08,0.00111,1.913
3.62E-07,0.001773,1.55
6.17E-08,0.0009755,1.808
1.80E-08,0.0005628,1.972
2.05E-08,0.00104,1.945
1.54E-07,0.001461,1.675
1.27E-08,0.001188,2
1.54E-08,0.001076,1.982
3.15E-08,0.001394,1.878
3.55E-08,0.0009174,1.874
5.35E-08,0.001171,1.805
6.88E-08,0.001035,1.775
5.50E-08,0.001013,1.819
2.21E-08,0.001239,1.948
7.09E-08,0.00275,1.773
2.03E-07,0.001072,1.61
6.35E-08,0.002881,1.811
4.45E-07,0.001713,1.542
1.33E-07,0.001551,1.712
1.08E-07,0.001378,1.713
5.28E-08,0.001847,1.818
2.27E-08,0.0008145,1.926
1.25E-08,0.0009705,2
1.13E-07,0.003096,1.714
2.34E-08,0.00124,1.942
2.47E-08,0.001126,1.927
3.72E-07,0.001972,1.526
4.74E-08,0.002099,1.873
1.50E-08,0.001045,2
2.23E-08,0.001884,1.925
5.90E-08,0.001844,1.825
7.00E-08,0.001965,1.765
2.04E-08,0.001797,1.947
1.85E-08,0.001002,1.963
2.65E-08,0.0007977,1.919
3.72E-08,0.0009124,1.861
1.50E-08,0.001562,2
1.56E-07,0.001724,1.667
2.66E-08,0.002042,1.93
1.24E-08,0.001,2
6.83E-08,0.001146,1.787
3.27E-08,0.000988,1.909
8.08E-08,0.001916,1.748
3.33E-08,0.001169,1.874
1.27E-08,0.001297,2
8.72E-08,0.00116,1.748
5.70E-08,0.001123,1.82
1.27E-07,0.002129,1.719
2.02E-08,0.001663,1.937
1.16E-08,0.001009,2
7.25E-08,0.001624,1.775
2.71E-08,0.000719,1.903
1.99E-08,0.001063,1.937
1.41E-07,0.0009599,1.693
9.68E-08,0.001605,1.758
2.26E-07,0.001433,1.637
4.10E-08,0.001165,1.86
1.14E-07,0.001817,1.731
5.18E-08,0.001843,1.81
2.65E-08,0.001257,1.914
1.35E-07,0.003285,1.706
1.06E-07,0.001779,1.733
3.57E-07,0.001868,1.548
2.48E-08,0.001223,1.899
1.12E-07,0.002549,1.755
2.72E-08,0.001079,1.91
5.09E-08,0.001352,1.817
4.68E-08,0.001018,1.815
4.36E-08,0.001502,1.817
1.34E-08,0.00153,2
9.83E-08,0.001578,1.74
3.21E-08,0.00102,1.88
1.51E-08,0.001374,2
3.64E-08,0.001537,1.882
3.47E-07,0.002655,1.572
9.30E-08,0.001332,1.743
5.66E-08,0.001111,1.842
1.55E-07,0.001628,1.669
6.90E-08,0.001209,1.779
8.57E-08,0.001706,1.741
1.46E-08,0.0007624,2
1.41E-08,0.0006116,2
6.90E-08,0.001386,1.792
2.78E-08,0.0005859,1.914
1.25E-07,0.001779,1.722
5.19E-08,0.001987,1.804
2.58E-07,0.001594,1.591
7.72E-08,0.002142,1.777
6.31E-08,0.001202,1.802
8.38E-08,0.003848,1.77
1.19E-08,0.0007415,2
1.51E-08,0.0008342,2
3.17E-07,0.002601,1.594
1.25E-08,0.001045,2
2.84E-08,0.0009983,1.877
1.28E-08,0.001347,1.998
2.73E-08,0.001767,1.927
3.70E-08,0.0009806,1.872
4.28E-07,0.002617,1.533
2.25E-08,0.001085,1.916
6.82E-08,0.001153,1.768
4.42E-08,0.001127,1.833
1.19E-08,0.0005585,2
2.23E-08,0.001094,1.937
2.23E-08,0.001779,1.925
1.72E-08,0.001066,2
2.01E-08,0.001136,1.947
2.70E-08,0.001088,1.904
2.73E-08,0.001411,1.928
6.91E-08,0.002841,1.815
4.06E-08,0.001511,1.874
2.14E-08,0.0009906,1.924
1.38E-08,0.001143,2
2.63E-07,0.002743,1.598
4.27E-08,0.001536,1.875
4.47E-08,0.001919,1.852
1.10E-07,0.00198,1.734
1.57E-08,0.001795,1.99
3.82E-08,0.00145,1.858
1.17E-07,0.002804,1.739
4.84E-07,0.002034,1.521
5.02E-08,0.001761,1.824
2.22E-08,0.001129,1.927
1.31E-08,0.0008642,2
2.88E-07,0.001275,1.591
1.51E-08,0.001282,2
2.80E-08,0.001382,1.908
6.65E-08,0.001645,1.783
1.13E-07,0.001703,1.753
4.57E-08,0.002035,1.859
8.58E-08,0.001758,1.786
2.28E-08,0.001257,1.92
2.22E-08,0.0007988,1.935
1.77E-07,0.001276,1.627
2.23E-08,0.001482,1.936
2.20E-07,0.001141,1.62
2.36E-08,0.001867,1.949
3.29E-08,0.001731,1.898
2.00E-08,0.0005741,1.942
4.54E-08,0.001714,1.847
5.54E-08,0.002101,1.825
2.81E-08,0.001976,1.906
5.67E-08,0.001775,1.816
5.60E-08,0.0008866,1.812
2.32E-08,0.001711,1.939
5.03E-08,0.001459,1.844
2.63E-08,0.001634,1.924
1.67E-08,0.001742,1.992
8.37E-08,0.001623,1.789
8.80E-08,0.001253,1.785
2.17E-08,0.001055,1.938
1.86E-07,0.002545,1.677
3.16E-08,0.001584,1.894
6.61E-08,0.001107,1.794
2.38E-08,0.0009424,1.927
3.20E-08,0.0005962,1.896
1.93E-08,0.001113,1.961
9.96E-08,0.002181,1.743
2.45E-08,0.0008553,1.929
7.26E-08,0.001958,1.78
1.12E-07,0.0008129,1.714
1.94E-07,0.002715,1.655
6.07E-08,0.001309,1.786
1.61E-08,0.001425,1.965
2.26E-08,0.0009038,1.916
3.67E-08,0.001058,1.863
1.54E-07,0.001391,1.696
1.82E-08,0.0009938,1.947
8.53E-08,0.001514,1.75
2.74E-07,0.001481,1.599
5.80E-08,0.001377,1.811
1.50E-07,0.002078,1.651
2.92E-08,0.001166,1.911
3.43E-08,0.001059,1.879
1.85E-08,0.001389,1.966
4.20E-08,0.002064,1.849
3.27E-08,0.001696,1.898
6.96E-08,0.0008865,1.773
1.01E-07,0.002141,1.708
6.08E-08,0.001396,1.835
1.58E-08,0.001009,1.975
2.72E-08,0.001073,1.908
5.47E-08,0.00147,1.817
6.87E-08,0.001768,1.778
8.67E-08,0.001454,1.768
7.82E-08,0.0007715,1.759
5.76E-08,0.001422,1.832
8.19E-08,0.001167,1.738
6.91E-08,0.001449,1.763
1.42E-08,0.001177,2
2.40E-08,0.001589,1.921
3.55E-08,0.0008488,1.882
6.21E-08,0.001321,1.802
2.46E-08,0.0008219,1.903
1.38E-07,0.00178,1.663
1.12E-07,0.000918,1.714
1.17E-07,0.002104,1.736
1.49E-08,0.0009541,2
2.07E-08,0.002165,1.942
2.25E-08,0.0009573,1.944
7.23E-08,0.001655,1.797
1.41E-08,0.001472,2
8.25E-08,0.001589,1.765
4.40E-08,0.001846,1.857
3.92E-08,0.001758,1.871
3.86E-08,0.001954,1.854
1.61E-08,0.001552,1.97
4.69E-08,0.001647,1.846
1.95E-07,0.003731,1.672
1.36E-08,0.001241,2
1.50E-08,0.00168,2
8.66E-08,0.001974,1.759
4.08E-08,0.002311,1.851
6.61E-08,0.001311,1.794
1.90E-08,0.001595,1.934
4.22E-08,0.001913,1.858
2.32E-08,0.001333,1.925
1.54E-08,0.001305,2
1.50E-08,0.001444,2
1.03E-07,0.001463,1.733
4.60E-08,0.001026,1.855
4.61E-08,0.001356,1.85
2.99E-08,0.0009612,1.888
7.88E-08,0.002713,1.76
3.29E-08,0.001066,1.892
1.68E-07,0.001474,1.645
3.81E-08,0.001055,1.846
3.67E-08,0.001163,1.873
1.32E-08,0.001443,2
6.06E-08,0.001053,1.789
2.34E-08,0.0007926,1.928
7.27E-08,0.002602,1.779
2.02E-07,0.002872,1.669
1.98E-07,0.001122,1.648
3.30E-08,0.000541,1.879
1.62E-08,0.0006185,1.981
7.87E-08,0.001715,1.778
3.17E-08,0.001263,1.895
6.02E-08,0.002402,1.806
5.25E-08,0.001195,1.823
8.02E-08,0.001739,1.769
4.54E-08,0.0007001,1.84
3.40E-07,0.00214,1.598
1.17E-08,0.0008233,2
9.14E-08,0.001401,1.738
4.41E-08,0.001537,1.843
8.39E-08,0.001206,1.747
1.76E-08,0.001578,1.957
4.37E-08,0.001408,1.842
5.24E-08,0.0009952,1.833
9.75E-08,0.0006828,1.724
1.87E-08,0.001602,1.97
5.72E-08,0.001902,1.81
8.35E-08,0.00169,1.765
3.67E-08,0.000891,1.876
1.30E-07,0.00113,1.706
8.15E-08,0.0008515,1.735
5.56E-08,0.001943,1.819
2.47E-08,0.001148,1.902
4.26E-08,0.001169,1.855
5.93E-08,0.001057,1.785
3.53E-08,0.001268,1.887
8.17E-08,0.001734,1.767
8.02E-08,0.001708,1.775
6.37E-08,0.0008441,1.816
5.95E-08,0.001387,1.822
7.16E-08,0.001141,1.776
1.47E-08,0.0009684,2
1.03E-07,0.001915,1.731
2.02E-08,0.001499,1.963
7.56E-08,0.002156,1.779
2.64E-08,0.001437,1.934
1.14E-07,0.002159,1.708
2.52E-07,0.001992,1.613
2.22E-08,0.0009004,1.954
2.01E-08,0.0009837,1.962
1.62E-08,0.0006832,1.956
2.23E-08,0.001052,1.919
8.71E-08,0.002335,1.748
1.66E-08,0.001067,2
4.65E-08,0.001504,1.851
1.28E-08,0.001282,1.995
2.02E-08,0.0005818,1.951
1.64E-07,0.002561,1.68
1.57E-08,0.0008533,1.994
2.13E-08,0.0008178,1.961
5.42E-08,0.00179,1.824
1.53E-08,0.001186,1.995
3.63E-07,0.004347,1.612
2.00E-07,0.001723,1.651
2.30E-07,0.001228,1.659
7.55E-08,0.001766,1.764
6.21E-08,0.001771,1.809
2.33E-08,0.001455,1.958
2.76E-07,0.001224,1.619
3.67E-07,0.001602,1.52
4.81E-08,0.001758,1.829
1.87E-08,0.001258,1.963
4.74E-08,0.001969,1.854
3.69E-08,0.001587,1.898
9.03E-08,0.001205,1.755
2.42E-08,0.0008381,1.911
7.22E-08,0.00215,1.796
9.58E-08,0.001931,1.744
3.84E-08,0.0008675,1.871
1.89E-08,0.0009943,1.954
1.28E-07,0.001444,1.691
7.96E-08,0.001603,1.777
8.47E-08,0.001414,1.761
1.26E-07,0.0007849,1.709
1.80E-08,0.0008841,1.971
5.55E-08,0.002032,1.837
5.28E-08,0.001146,1.827
2.99E-08,0.001573,1.885
1.78E-07,0.001953,1.66
1.52E-07,0.001293,1.654
4.24E-08,0.001289,1.838
2.76E-08,0.001096,1.892
5.59E-08,0.0008676,1.818
2.83E-07,0.00213,1.556
6.47E-08,0.001403,1.789
2.61E-07,0.001327,1.601
1.75E-07,0.002003,1.653
1.49E-08,0.0008457,2
3.66E-07,0.0029,1.548
4.12E-08,0.00146,1.853
6.02E-08,0.00115,1.826
9.41E-08,0.000651,1.765
2.82E-08,0.0009963,1.923
2.48E-08,0.001269,1.912
1.30E-08,0.001471,2
2.12E-07,0.001602,1.632
2.08E-08,0.0007445,1.946
1.46E-08,0.001679,1.988
2.32E-08,0.001451,1.958
3.41E-08,0.0009039,1.875
1.26E-08,0.001162,2
2.26E-07,0.0006341,1.625
3.11E-07,0.001956,1.554
8.03E-08,0.00103,1.754
2.79E-08,0.001578,1.901
2.50E-07,0.002597,1.631
2.95E-08,0.001317,1.903
1.76E-08,0.000848,1.964
1.20E-07,0.001715,1.71
2.36E-08,0.0005644,1.931
3.92E-08,0.001053,1.88
2.99E-08,0.001205,1.88
2.00E-08,0.001397,1.957
3.58E-08,0.00061,1.879
1.39E-08,0.001138,2
1.52E-08,0.001174,1.987
2.46E-08,0.001486,1.939
1.45E-08,0.0005818,2
1.02E-07,0.001289,1.71
6.90E-08,0.001146,1.79
7.34E-08,0.001009,1.79
3.56E-08,0.00139,1.885
4.43E-08,0.002076,1.839
4.03E-08,0.001071,1.858
6.63E-08,0.000837,1.801
2.63E-08,0.0007825,1.941
1.99E-07,0.002826,1.643
9.12E-08,0.001553,1.745
2.79E-08,0.0016,1.911
3.14E-08,0.001384,1.878
2.84E-08,0.0005462,1.913
1.32E-08,0.000965,1.992
4.32E-08,0.002546,1.854
1.08E-07,0.00209,1.711
2.06E-08,0.001375,1.93
5.32E-08,0.001221,1.838
7.01E-08,0.001612,1.798
3.49E-07,0.002662,1.573
3.50E-08,0.001469,1.884
2.41E-07,0.002592,1.639
2.05E-08,0.0008322,1.951
2.02E-08,0.001615,1.957
8.82E-08,0.002662,1.775
1.52E-08,0.001056,2
2.57E-07,0.00227,1.614
2.47E-08,0.0006794,1.909
3.05E-08,0.001113,1.906
1.35E-07,0.001805,1.696
5.40E-08,0.0008972,1.809
1.66E-07,0.002581,1.675
1.48E-08,0.0009443,2
1.13E-07,0.001453,1.721
1.05E-07,0.002146,1.749
3.80E-08,0.001377,1.855
6.23E-08,0.002509,1.809
4.39E-08,0.001003,1.828
1.19E-07,0.001461,1.706
4.22E-08,0.001234,1.83
2.49E-08,0.0007996,1.898
2.89E-08,0.0009583,1.884
1.39E-07,0.001618,1.687
1.87E-08,0.001185,1.977
2.95E-08,0.000892,1.881
9.26E-08,0.002099,1.744
1.50E-07,0.002259,1.705
9.64E-08,0.001377,1.743
3.62E-08,0.0009121,1.871
4.27E-08,0.001862,1.858
2.62E-08,0.0007776,1.893
9.71E-08,0.001252,1.767
7.77E-08,0.001462,1.788
1.46E-08,0.001064,1.987
3.59E-08,0.0007359,1.892
1.67E-07,0.002879,1.66
1.51E-07,0.001363,1.664
6.85E-08,0.001525,1.773
4.13E-08,0.001042,1.882
3.08E-08,0.001934,1.89
6.13E-08,0.001209,1.787
4.32E-07,0.002726,1.551
4.77E-08,0.001704,1.833
4.60E-08,0.001728,1.828
4.96E-08,0.001465,1.853
1.69E-08,0.001174,1.993
3.91E-08,0.0008147,1.861
1.95E-07,0.00165,1.639
7.38E-08,0.001333,1.781
6.01E-08,0.001297,1.809
2.73E-08,0.0007322,1.904
5.37E-08,0.001492,1.817
2.08E-07,0.002174,1.641
2.85E-07,0.00146,1.593
3.19E-08,0.001296,1.885
2.30E-08,0.001095,1.97
8.80E-08,0.0008879,1.761
5.41E-08,0.001842,1.826
8.63E-08,0.001437,1.73
1.31E-08,0.0005134,2
2.17E-08,0.001317,1.939
2.92E-07,0.001108,1.579
1.34E-07,0.002688,1.705
1.39E-08,0.001998,2
3.68E-08,0.001053,1.87
7.51E-08,0.002347,1.776
3.66E-08,0.001522,1.86
3.69E-08,0.00153,1.874
1.36E-08,0.001026,2
1.39E-08,0.0007453,1.996
5.19E-08,0.002594,1.813
1.68E-07,0.001455,1.641
3.21E-06,0.004183,1.279
1.32E-08,0.001455,2
1.32E-08,0.001097,2
1.27E-08,0.001102,2
1.08E-07,0.001728,1.713
1.94E-07,0.0008417,1.619
3.75E-08,0.001028,1.853
2.10E-08,0.0007184,1.937
2.13E-08,0.001164,1.928
7.30E-08,0.001556,1.778
3.34E-07,0.002513,1.579
8.30E-08,0.0009165,1.755
5.32E-07,0.001659,1.502
1.04E-07,0.002133,1.747
7.52E-08,0.001101,1.767
1.05E-07,0.002188,1.735
7.76E-08,0.0009801,1.761
8.07E-08,0.002343,1.761
3.67E-08,0.001223,1.885
1.70E-08,0.001091,2
2.27E-08,0.001216,1.944
6.82E-08,0.001053,1.783
3.49E-08,0.001587,1.879
8.86E-08,0.0006446,1.73
9.77E-08,0.0007694,1.73
1.39E-08,0.001176,2
2.78E-07,0.002434,1.574
2.63E-08,0.001418,1.932
1.19E-07,0.002192,1.734
3.91E-08,0.001483,1.88
1.30E-07,0.001047,1.699
1.25E-08,0.0008916,2
3.22E-07,0.002961,1.609
6.16E-08,0.001064,1.806
2.21E-07,0.002507,1.637
4.61E-08,0.00177,1.83
2.76E-08,0.001678,1.898
5.64E-08,0.002272,1.82
5.03E-08,0.0008267,1.832
1.37E-07,0.003551,1.725
3.17E-08,0.001306,1.916
9.63E-08,0.002007,1.736
4.22E-08,0.002042,1.849
2.07E-08,0.001926,1.947
9.82E-08,0.002003,1.732
1.16E-07,0.002117,1.696
8.25E-08,0.001386,1.766
2.16E-08,0.001413,1.947
1.53E-08,0.001527,2
2.48E-08,0.00199,1.909
2.23E-08,0.001836,1.931
3.52E-08,0.0008213,1.891
1.53E-07,0.002908,1.697
1.42E-08,0.001224,2
2.44E-08,0.001449,1.916
3.46E-08,0.001555,1.874
1.46E-08,0.001092,2
5.01E-08,0.00189,1.813
8.25E-08,0.001177,1.739
1.88E-07,0.003038,1.637
1.21E-07,0.001792,1.702
3.19E-08,0.001648,1.901
3.30E-08,0.001562,1.901
1.40E-08,0.001024,2
1.67E-08,0.001495,2
6.80E-08,0.0004283,1.784
7.45E-08,0.001564,1.801
3.10E-07,0.00252,1.579
1.18E-07,0.001406,1.722
1.34E-07,0.002473,1.725
2.02E-08,0.001092,1.958
6.54E-08,0.0009545,1.755
3.07E-08,0.001078,1.905
2.10E-07,0.001924,1.632
1.46E-08,0.00205,1.974
1.53E-07,0.001562,1.682
1.38E-07,0.001807,1.671
7.25E-08,0.001303,1.777
4.25E-08,0.001364,1.823
1.47E-07,0.002756,1.677
1.48E-08,0.001255,2
1.26E-07,0.001467,1.708
5.99E-08,0.002205,1.826
6.77E-08,0.001592,1.786
3.07E-08,0.001185,1.908
1.02E-07,0.00185,1.744
2.26E-08,0.0006773,1.933
1.09E-07,0.001073,1.714
1.24E-08,0.001001,2
1.55E-07,0.001492,1.675
7.49E-08,0.001835,1.76
1.78E-08,0.001582,1.963
2.41E-08,0.001462,1.911
9.52E-08,0.000721,1.758
1.25E-08,0.0008007,2
8.43E-08,0.001392,1.719
3.19E-08,0.001021,1.874
1.07E-07,0.001118,1.726
5.02E-08,0.001996,1.831
6.17E-08,0.001181,1.823
8.35E-08,0.001177,1.776
1.70E-08,0.001053,1.983
8.67E-08,0.0009001,1.763
2.36E-08,0.002022,1.926
4.03E-08,0.001831,1.848
3.08E-07,0.002827,1.568
1.36E-07,0.004021,1.698
9.47E-08,0.00147,1.729
8.94E-08,0.001136,1.746
4.48E-08,0.001575,1.848
2.86E-08,0.0009352,1.89
4.92E-08,0.001672,1.821
2.68E-08,0.0009026,1.9
8.84E-08,0.001413,1.756
8.70E-08,0.001864,1.737
4.13E-08,0.001164,1.854
8.67E-08,0.00172,1.732
1.49E-08,0.001136,1.993
3.34E-08,0.001438,1.88
2.44E-07,0.0007433,1.6
1.68E-08,0.0007584,2
7.46E-08,0.001154,1.763
3.31E-08,0.00173,1.886
5.33E-08,0.002465,1.817
9.21E-08,0.001403,1.736
1.22E-07,0.001293,1.695
8.37E-07,0.00279,1.462
2.25E-08,0.0006241,1.934
2.69E-08,0.001297,1.911
4.35E-08,0.0006613,1.824
9.88E-08,0.001971,1.761
1.98E-08,0.0008572,1.935
6.16E-08,0.001959,1.811
1.48E-08,0.000735,2
8.98E-08,0.002671,1.779
1.88E-07,0.001396,1.634
4.56E-08,0.001185,1.853
9.04E-08,0.00126,1.753
7.41E-08,0.001141,1.763
4.08E-08,0.001298,1.834
1.03E-07,0.001769,1.766
7.58E-08,0.001097,1.771
1.19E-07,0.001151,1.692
3.62E-07,0.001716,1.547
5.13E-08,0.002726,1.82
1.67E-08,0.001433,1.998
7.58E-08,0.002002,1.773
3.33E-08,0.0006613,1.869
1.87E-08,0.0007268,1.958
7.20E-08,0.001113,1.8
5.38E-08,0.001347,1.803
6.16E-08,0.001379,1.818
2.16E-08,0.0008312,1.943
2.65E-08,0.001143,1.907
4.96E-08,0.001467,1.851
8.75E-08,0.001982,1.774
6.10E-08,0.000982,1.805
4.34E-08,0.001922,1.864
1.96E-08,0.0011,1.955
7.05E-08,0.0009416,1.742
4.22E-08,0.0008184,1.846
4.50E-08,0.0007038,1.857
3.10E-07,0.001871,1.592
3.67E-08,0.001399,1.866
2.19E-08,0.001856,1.945
2.52E-08,0.000818,1.928
1.09E-07,0.00106,1.73
1.70E-08,0.0006845,1.95
6.36E-08,0.001292,1.781
4.93E-08,0.001793,1.83
2.71E-08,0.001079,1.94
4.87E-08,0.0007341,1.839
1.81E-07,0.001471,1.664
1.54E-07,0.001353,1.66
6.11E-08,0.001475,1.814
6.06E-08,0.002164,1.807
1.27E-07,0.0008734,1.69
6.83E-08,0.002386,1.789
2.22E-08,0.001194,1.964
6.04E-08,0.001336,1.801
7.66E-08,0.001562,1.767
3.65E-08,0.001213,1.886
2.06E-08,0.0006575,1.937
1.32E-07,0.002448,1.697
1.95E-07,0.00106,1.634
2.08E-07,0.003115,1.645
9.32E-08,0.001725,1.731
3.12E-07,0.002768,1.588
9.32E-08,0.002486,1.773
4.18E-08,0.001172,1.86
5.21E-08,0.001791,1.832
1.04E-07,0.003091,1.751
1.13E-07,0.001163,1.748
1.94E-08,0.001127,1.951
7.33E-08,0.000887,1.789
1.10E-08,0.001354,2
3.03E-07,0.00118,1.587
1.21E-07,0.001368,1.73
3.01E-08,0.0008508,1.906
1.05E-06,0.004462,1.442
1.56E-08,0.001109,2
1.57E-07,0.0009863,1.66
3.59E-08,0.0009338,1.885
2.37E-07,0.001446,1.626
2.29E-08,0.001621,1.941
1.59E-08,0.0008079,1.999
6.63E-08,0.002049,1.798
1.32E-08,0.0019,2
5.44E-08,0.001123,1.826
2.18E-08,0.0009078,1.939
1.25E-07,0.002394,1.696
1.16E-07,0.001253,1.706
2.09E-07,0.001888,1.648
1.27E-07,0.001311,1.688
8.39E-08,0.0014,1.73
2.16E-08,0.001692,1.928
2.12E-07,0.001337,1.613
2.11E-08,0.001551,1.945
1.21E-08,0.001271,2
1.24E-07,0.001926,1.716
7.81E-08,0.000703,1.765
1.06E-07,0.00125,1.721
1.65E-08,0.0007663,2
1.56E-08,0.001052,1.991
3.32E-08,0.001471,1.879
1.89E-08,0.0008066,1.976
1.74E-08,0.001286,1.949
1.66E-07,0.001907,1.665
9.86E-08,0.0008352,1.71
3.05E-08,0.001817,1.882
3.65E-08,0.0008206,1.865
2.05E-08,0.001563,1.951
7.04E-08,0.001151,1.778
6.91E-08,0.0009159,1.772
8.12E-08,0.001791,1.758
2.53E-08,0.001678,1.932
4.67E-08,0.001634,1.853
5.11E-07,0.002192,1.51
1.21E-07,0.001788,1.695
3.01E-08,0.001397,1.9
2.36E-07,0.002053,1.62
8.18E-08,0.002428,1.792
4.44E-08,0.001124,1.855
1.77E-08,0.001131,1.963
1.59E-08,0.001209,1.962
5.38E-08,0.001276,1.827
1.52E-07,0.002392,1.674
1.37E-08,0.0009009,2
8.86E-08,0.001034,1.778
1.27E-08,0.001055,2
8.64E-08,0.001683,1.75
9.94E-08,0.001599,1.711
1.26E-07,0.0022,1.684
3.27E-07,0.00291,1.565
1.73E-08,0.0007474,1.964
2.97E-07,0.002285,1.604
2.13E-07,0.001912,1.615
3.57E-08,0.001208,1.876
2.09E-08,0.001166,1.943
4.61E-07,0.001882,1.545
9.49E-08,0.001372,1.705
5.18E-08,0.0009632,1.82
1.21E-07,0.001011,1.727
8.21E-08,0.00105,1.767
1.46E-07,0.002101,1.683
1.72E-07,0.002094,1.67
6.49E-08,0.001295,1.817
1.35E-08,0.001231,2
6.60E-08,0.001255,1.798
8.24E-08,0.001573,1.754
4.79E-08,0.0008269,1.809
3.05E-08,0.001141,1.876
4.64E-08,0.001015,1.822
4.17E-08,0.001487,1.871
5.31E-08,0.001183,1.811
1.69E-07,0.001946,1.667
2.66E-07,0.002208,1.58
1.68E-07,0.002089,1.672
1.64E-07,0.001201,1.654
2.15E-08,0.0008208,1.918
3.55E-08,0.001861,1.894
1.09E-07,0.001951,1.737
4.03E-08,0.001724,1.881
5.49E-08,0.001282,1.81
6.06E-08,0.0006445,1.788
2.26E-07,0.002006,1.617
4.79E-08,0.001891,1.851
1.52E-08,0.001327,1.986
3.31E-08,0.001455,1.891
5.69E-08,0.0008835,1.789
2.09E-07,0.00173,1.634
1.41E-08,0.000959,2
1.36E-08,0.0005328,2
7.78E-08,0.001406,1.764
1.28E-07,0.001097,1.719
1.44E-07,0.001948,1.671
4.91E-08,0.001234,1.832
1.98E-07,0.00194,1.61
2.87E-08,0.0009499,1.914
4.29E-08,0.001317,1.867
1.24E-07,0.00118,1.71
1.95E-08,0.001615,1.967
2.80E-07,0.002229,1.616
2.38E-08,0.001076,1.934
8.27E-08,0.001788,1.747
3.94E-07,0.001323,1.55
5.79E-08,0.001867,1.805
1.29E-06,0.003031,1.399
8.26E-08,0.0009274,1.763
2.37E-07,0.003647,1.625
1.71E-08,0.001328,1.992
2.06E-07,0.001841,1.652
2.02E-07,0.001547,1.642
1.21E-07,0.002571,1.729
3.05E-07,0.00282,1.592
1.41E-08,0.001298,2
1.14E-07,0.00222,1.741
3.62E-08,0.001674,1.889
5.62E-08,0.001149,1.814
2.08E-08,0.001355,1.945
4.44E-08,0.0009405,1.823
3.40E-08,0.00108,1.873
2.96E-08,0.001113,1.899
9.97E-08,0.001909,1.754
1.29E-07,0.001647,1.71
1.51E-08,0.0005684,1.97
1.25E-07,0.001458,1.688
2.33E-08,0.001374,1.925
7.55E-08,0.0007716,1.776
1.66E-07,0.0009162,1.652
3.91E-08,0.002108,1.867
3.47E-08,0.001989,1.857
1.58E-08,0.0006996,2
5.11E-08,0.001577,1.839
2.37E-07,0.00283,1.615
1.36E-08,0.0005593,2
5.09E-08,0.001546,1.838
2.85E-08,0.001211,1.914
2.70E-08,0.001054,1.925
1.36E-08,0.0008143,1.972
1.52E-08,0.0006949,2
6.89E-08,0.001243,1.786
1.34E-08,0.001352,2
1.61E-07,0.0008819,1.674
2.07E-08,0.0007757,1.945
2.28E-08,0.0006085,1.908
1.24E-07,0.001389,1.69
2.17E-08,0.0008981,1.915
4.29E-08,0.002223,1.868
1.25E-07,0.0007851,1.67
7.39E-08,0.001942,1.766
2.40E-08,0.001264,1.93
8.82E-08,0.0009877,1.736
9.19E-08,0.001973,1.74
8.64E-08,0.0009752,1.732
9.72E-08,0.001049,1.739
9.91E-08,0.002069,1.742
3.55E-08,0.001964,1.871
3.11E-08,0.000966,1.868
7.44E-08,0.0007604,1.76
2.34E-07,0.001863,1.599
2.64E-07,0.00301,1.605
1.38E-08,0.0007926,1.992
1.14E-07,0.001782,1.695
1.58E-08,0.0007817,1.959
4.14E-08,0.002293,1.869
1.31E-08,0.001275,2
5.23E-08,0.001442,1.821
7.80E-08,0.001499,1.765
1.32E-07,0.001358,1.714
1.74E-07,0.001949,1.692
2.08E-07,0.001214,1.606
7.01E-08,0.001233,1.805
7.23E-07,0.002726,1.448
3.63E-08,0.001092,1.883
2.39E-07,0.001186,1.614
5.14E-08,0.001307,1.823
2.20E-07,0.0008816,1.626
2.50E-08,0.001186,1.941
1.43E-08,0.0006511,2
9.44E-08,0.001665,1.742
1.32E-07,0.001857,1.707
6.11E-08,0.001093,1.778
1.51E-07,0.001017,1.672
2.14E-08,0.00169,1.952
1.40E-07,0.001642,1.7
5.10E-08,0.0009383,1.834
2.66E-08,0.000846,1.907
5.09E-08,0.002035,1.84
4.36E-07,0.002691,1.539
2.21E-07,0.001429,1.642
4.52E-08,0.0007579,1.83
5.10E-08,0.001498,1.811
1.91E-08,0.001114,1.956
6.33E-08,0.001546,1.807
6.04E-08,0.001179,1.828
2.39E-08,0.001716,1.948
4.59E-08,0.001805,1.841
4.28E-08,0.002069,1.867
1.64E-08,0.00106,2
1.40E-06,0.001962,1.364
1.35E-08,0.001275,2
2.07E-07,0.002934,1.631
6.84E-08,0.001148,1.757
2.47E-08,0.001091,1.915
1.58E-08,0.0006885,1.976
5.61E-08,0.001024,1.801
6.32E-08,0.001697,1.783
4.27E-08,0.001855,1.861
7.01E-08,0.001159,1.792
4.63E-08,0.001547,1.846
4.08E-08,0.001571,1.85
4.94E-08,0.001567,1.829
1.91E-08,0.001612,1.961
1.47E-08,0.001459,2
4.48E-08,0.001298,1.847
7.06E-08,0.001094,1.781
2.78E-08,0.0005142,1.893
1.15E-07,0.00208,1.737
2.51E-08,0.001331,1.919
1.82E-08,0.00115,1.955
5.89E-08,0.001427,1.805
1.65E-08,0.001209,2
3.67E-08,0.001357,1.883
7.62E-08,0.0009559,1.763
5.42E-08,0.002029,1.826
2.23E-08,0.0009251,1.923
3.94E-08,0.001754,1.864
3.07E-07,0.001958,1.601
2.44E-07,0.001944,1.62
4.46E-08,0.001557,1.846
8.02E-08,0.001119,1.768
8.96E-08,0.001763,1.762
4.71E-08,0.0008472,1.82
1.03E-07,0.001205,1.72
1.03E-07,0.002545,1.735
2.95E-08,0.001352,1.909
4.26E-08,0.0005733,1.86
3.39E-08,0.001462,1.896
7.33E-07,0.002719,1.473
1.35E-07,0.001105,1.689
4.95E-08,0.0008195,1.822
1.28E-07,0.001427,1.663
6.22E-08,0.001929,1.818
2.83E-08,0.001228,1.906
3.37E-07,0.004176,1.577
2.44E-08,0.0007035,1.918
8.12E-08,0.001335,1.766
2.50E-08,0.001641,1.927
2.39E-08,0.001146,1.928
2.17E-07,0.003927,1.642
2.76E-08,0.001867,1.906
5.84E-08,0.001123,1.781
2.65E-08,0.001195,1.914
9.37E-08,0.001608,1.75
1.33E-07,0.001843,1.697
3.58E-08,0.001229,1.886
3.52E-08,0.001547,1.867
1.23E-07,0.001189,1.712
1.40E-08,0.0009735,2
2.05E-08,0.001353,1.971
2.14E-08,0.001008,1.958
1.50E-08,0.001077,1.995
2.21E-08,0.001268,1.929
6.02E-08,0.001297,1.805
3.30E-08,0.001078,1.868
9.14E-08,0.002621,1.759
5.27E-08,0.001297,1.832
1.54E-07,0.001786,1.689
7.83E-08,0.0014,1.782
5.46E-08,0.001694,1.799
1.56E-08,0.001043,2
1.77E-07,0.001481,1.655
7.57E-08,0.001446,1.78
4.26E-08,0.001197,1.862
3.04E-08,0.001122,1.912
3.47E-08,0.00119,1.866
2.08E-08,0.001477,1.935
6.04E-08,0.001535,1.8
1.84E-08,0.001697,1.984
4.88E-08,0.0004097,1.826
6.46E-08,0.001607,1.802
3.22E-08,0.00146,1.892
5.67E-08,0.00171,1.821
4.45E-08,0.001011,1.854
2.52E-08,0.001243,1.934
1.64E-07,0.001878,1.679
2.53E-08,0.001157,1.934
1.89E-08,0.00118,1.978
1.24E-07,0.001491,1.743
1.91E-08,0.001369,1.979
2.03E-07,0.002935,1.676
1.73E-08,0.001224,1.959
1.41E-07,0.001026,1.691
1.92E-07,0.001002,1.653
3.35E-08,0.0009448,1.878
4.89E-08,0.001644,1.845
4.73E-08,0.001645,1.833
2.57E-08,0.0008842,1.93
1.42E-08,0.0006174,2
4.31E-08,0.001146,1.841
5.23E-08,0.001935,1.806
2.37E-08,0.0009426,1.915
5.01E-08,0.002121,1.806
3.56E-08,0.001723,1.874
4.10E-08,0.001227,1.867
4.11E-08,0.0013,1.867
8.37E-08,0.00171,1.751
2.19E-08,0.0009099,1.905
9.83E-08,0.001109,1.737
2.87E-08,0.0009769,1.898
1.54E-07,0.0018,1.689
4.22E-08,0.001783,1.865
5.50E-08,0.001501,1.811
3.67E-08,0.00109,1.865
5.94E-08,0.001318,1.786
5.94E-08,0.0009822,1.799
8.60E-08,0.001237,1.756
8.70E-07,0.003836,1.474
1.35E-08,0.0008651,2
6.93E-08,0.002064,1.812
1.35E-08,0.001158,2
4.72E-08,0.001621,1.854
4.79E-08,0.001497,1.844
2.33E-08,0.001529,1.944
1.56E-08,0.001989,1.997
9.41E-08,0.001941,1.767
5.37E-08,0.001796,1.821
5.58E-08,0.001028,1.815
8.78E-08,0.001437,1.749
3.99E-08,0.001652,1.871
4.97E-08,0.001948,1.852
1.28E-07,0.001825,1.713
3.52E-08,0.002163,1.887
6.59E-08,0.001062,1.803
1.44E-08,0.0011,1.99
4.68E-08,0.003515,1.838
3.51E-08,0.002081,1.901
1.23E-08,0.001458,2
7.37E-08,0.002149,1.807
3.66E-08,0.001708,1.873
2.18E-08,0.001874,1.95
4.42E-07,0.002286,1.528
2.59E-08,0.001427,1.906
2.80E-07,0.001699,1.614
4.42E-08,0.00368,1.857
1.25E-08,0.0009169,2
4.31E-08,0.001747,1.845
1.05E-07,0.001295,1.718
1.89E-07,0.001511,1.627
3.84E-08,0.0009578,1.857
2.29E-07,0.004111,1.639
1.19E-07,0.001567,1.71
1.94E-08,0.0007311,1.949
5.18E-08,0.001222,1.815
3.44E-08,0.0008606,1.873
5.96E-08,0.001501,1.8
4.13E-08,0.001782,1.873
1.33E-07,0.001508,1.687
3.90E-07,0.001139,1.547
1.43E-08,0.001356,2
3.66E-08,0.001373,1.861
2.52E-08,0.001512,1.932
1.96E-08,0.001289,1.972
6.70E-08,0.002964,1.807
5.74E-08,0.001566,1.818
2.88E-08,0.001603,1.902
1.61E-08,0.001244,2
1.38E-08,0.0005922,2
1.16E-07,0.002692,1.73
3.96E-08,0.0005942,1.869
4.17E-08,0.001173,1.86
2.60E-08,0.001486,1.915
3.84E-08,0.001416,1.864
4.55E-08,0.001228,1.835
4.46E-08,0.001689,1.831
3.93E-08,0.0006855,1.877
1.76E-07,0.001453,1.68
6.64E-08,0.001737,1.782
2.25E-07,0.002252,1.645
1.50E-07,0.001684,1.69
8.58E-08,0.001096,1.753
2.03E-07,0.002749,1.685
1.69E-08,0.002037,1.969
1.75E-07,0.001454,1.645
1.42E-07,0.001989,1.7
1.37E-07,0.002186,1.698
1.51E-07,0.0008174,1.683
8.98E-08,0.001874,1.788
1.98E-08,0.0006488,1.959
3.41E-08,0.0009379,1.886
1.15E-08,0.0009272,2
3.98E-08,0.001183,1.843
1.57E-07,0.002355,1.702
8.84E-08,0.001649,1.775
7.03E-08,0.0008191,1.762
4.53E-08,0.001362,1.849
2.58E-08,0.001168,1.92
2.02E-07,0.001099,1.648
1.46E-07,0.001558,1.667
1.28E-07,0.004658,1.725
7.21E-08,0.00118,1.784
2.06E-07,0.001641,1.643
1.88E-08,0.001289,1.946
1.32E-07,0.001303,1.693
1.59E-07,0.001205,1.642
3.68E-08,0.001399,1.853
2.00E-07,0.0009197,1.639
2.46E-08,0.001208,1.944
5.77E-08,0.002091,1.812
3.51E-07,0.002544,1.564
4.32E-08,0.001097,1.868
1.62E-08,0.001182,2
4.57E-08,0.001823,1.846
1.61E-07,0.001124,1.668
2.82E-08,0.001706,1.911
1.10E-07,0.004111,1.746
1.67E-08,0.0009833,1.98
1.65E-08,0.0007095,1.995
1.35E-07,0.002726,1.702
1.85E-08,0.0007919,1.983
2.70E-08,0.0008129,1.915
2.35E-08,0.000879,1.937
1.40E-07,0.001262,1.683
6.07E-08,0.001096,1.795
1.03E-07,0.001186,1.724
2.54E-08,0.001073,1.92
7.14E-08,0.000966,1.792
5.82E-08,0.00227,1.806
3.12E-08,0.001383,1.894
1.49E-07,0.002466,1.701
6.92E-08,0.0009791,1.79
2.96E-08,0.001642,1.915
1.31E-08,0.00122,2
2.28E-07,0.002503,1.624
7.23E-07,0.001833,1.462
1.33E-08,0.0005341,2
7.47E-08,0.000621,1.773
6.87E-08,0.001595,1.795
7.44E-08,0.0009587,1.765
1.77E-08,0.001489,1.96
2.82E-07,0.001047,1.598
1.56E-08,0.0008031,1.992
1.17E-08,0.00138,2
3.93E-08,0.001211,1.838
6.41E-08,0.001265,1.782
1.79E-07,0.001846,1.681
1.66E-07,0.002039,1.677
3.17E-07,0.0012,1.571
5.13E-08,0.0006892,1.797
4.07E-08,0.001108,1.834
2.74E-08,0.001105,1.928
2.42E-08,0.00095,1.929
2.89E-08,0.001275,1.902
2.90E-08,0.001241,1.881
4.39E-08,0.001168,1.832
1.56E-07,0.001152,1.661
3.80E-08,0.001872,1.864
9.12E-08,0.0008083,1.76
8.95E-08,0.001196,1.74
1.46E-07,0.001223,1.676
2.54E-07,0.00114,1.599
5.53E-08,0.001955,1.832
1.53E-08,0.0007233,1.981
2.02E-08,0.001377,1.938
7.64E-08,0.001355,1.778
5.94E-08,0.000995,1.793
4.59E-08,0.001707,1.824
1.05E-07,0.002153,1.732
6.57E-08,0.001639,1.797
1.16E-07,0.001286,1.699
1.75E-08,0.001964,1.966
1.57E-07,0.001366,1.696
1.48E-08,0.001237,2
5.73E-08,0.001825,1.803
1.35E-07,0.002545,1.713
2.29E-08,0.001415,1.908
2.29E-07,0.002857,1.648
9.90E-08,0.001395,1.739
7.08E-08,0.0009751,1.76
3.70E-08,0.001004,1.873
1.64E-07,0.00301,1.684
5.37E-08,0.001643,1.829
8.89E-08,0.002724,1.771
3.21E-08,0.001464,1.914
1.44E-08,0.001131,2
3.24E-08,0.001642,1.878
2.10E-08,0.0009358,1.92
1.53E-08,0.001063,1.981
1.19E-06,0.004221,1.415
2.55E-07,0.002522,1.619
4.30E-08,0.001518,1.84
1.11E-07,0.001376,1.714
4.68E-08,0.001148,1.851
1.41E-08,0.001452,2
1.40E-07,0.001034,1.702
6.43E-08,0.001567,1.795
7.61E-08,0.001767,1.74
1.32E-08,0.001046,2
3.88E-08,0.001325,1.867
8.82E-08,0.001285,1.746
1.37E-08,0.0009804,2
7.50E-08,0.001418,1.797
6.95E-08,0.001331,1.764
5.75E-08,0.001172,1.799
5.28E-07,0.001502,1.496
6.41E-08,0.00171,1.796
1.28E-08,0.001379,2
1.09E-07,0.00204,1.733
1.48E-07,0.002382,1.669
1.39E-07,0.001476,1.684
1.46E-08,0.001233,2
1.52E-07,0.002147,1.681
2.98E-08,0.0005079,1.894
6.35E-08,0.002138,1.802
6.95E-08,0.001365,1.797
2.06E-08,0.0006791,1.948
1.47E-08,0.00102,2
1.15E-07,0.001225,1.719
7.56E-08,0.0009082,1.774
1.63E-07,0.001128,1.657
2.67E-07,0.002106,1.602
1.07E-07,0.001718,1.724
6.52E-08,0.002836,1.808
1.72E-07,0.001135,1.654
2.47E-08,0.00132,1.904
3.69E-08,0.001044,1.874
1.50E-08,0.001065,1.988
1.32E-08,0.000595,1.999
5.69E-08,0.001771,1.816
3.30E-08,0.001059,1.863
4.19E-08,0.001416,1.853
6.98E-08,0.002723,1.81
3.09E-07,0.002984,1.575
7.09E-08,0.001088,1.784
2.39E-07,0.001298,1.627
1.10E-07,0.001083,1.72
5.08E-08,0.0006572,1.822
4.86E-07,0.001152,1.512
3.64E-08,0.001344,1.898
2.60E-08,0.0008137,1.907
2.15E-08,0.001559,1.951
4.32E-08,0.0007925,1.849
9.37E-08,0.002195,1.761
3.51E-08,0.001112,1.872
7.10E-08,0.001497,1.792
2.05E-07,0.002539,1.643
1.51E-07,0.001762,1.666
8.28E-08,0.001924,1.767
2.44E-08,0.001157,1.914
2.75E-08,0.001652,1.911
8.88E-08,0.001674,1.756
6.30E-08,0.001823,1.794
1.34E-08,0.001104,2
1.24E-08,0.001319,2
8.11E-08,0.002614,1.779
2.72E-08,0.002017,1.924
9.89E-08,0.00238,1.747
1.53E-08,0.000631,1.991
9.14E-08,0.001711,1.747
5.72E-08,0.00144,1.79
1.40E-07,0.002082,1.698
1.36E-07,0.002622,1.697
4.15E-07,0.001907,1.53
1.36E-08,0.001104,2
4.83E-07,0.003628,1.559
6.99E-08,0.001424,1.779
1.76E-08,0.001007,1.952
1.30E-08,0.0007064,2
3.78E-08,0.001264,1.848
5.53E-07,0.00196,1.517
5.27E-08,0.0008865,1.841
3.84E-08,0.001653,1.866
1.31E-08,0.001015,2
6.42E-08,0.001213,1.766
4.25E-07,0.002987,1.531
7.30E-08,0.001442,1.772
1.51E-07,0.001866,1.677
1.60E-08,0.001064,1.965
5.72E-08,0.001777,1.808
1.46E-08,0.00121,2
4.05E-08,0.001337,1.873
1.29E-08,0.001061,2
2.81E-08,0.001649,1.935
1.97E-07,0.002782,1.649
7.24E-08,0.0008073,1.744
1.57E-07,0.001445,1.675
2.21E-08,0.001121,1.914
3.76E-08,0.001454,1.881
2.46E-07,0.002983,1.614
2.27E-08,0.0009322,1.922
1.96E-07,0.001516,1.639
1.22E-08,0.0009846,2
4.90E-08,0.001951,1.845
5.02E-08,0.002096,1.848
9.25E-08,0.0008599,1.734
2.77E-08,0.001232,1.893
1.05E-07,0.0007299,1.708
1.52E-08,0.002061,2
1.58E-08,0.001074,2
2.41E-08,0.001932,1.921
5.46E-08,0.002851,1.815
1.87E-07,0.00152,1.639
1.38E-08,0.0008671,2
4.53E-08,0.001269,1.846
5.39E-08,0.0006881,1.797
1.56E-08,0.00159,1.97
2.90E-08,0.001677,1.92
1.95E-07,0.001637,1.678
1.91E-08,0.001246,1.955
3.43E-07,0.001767,1.591
7.53E-08,0.001273,1.772
1.08E-07,0.001184,1.702
6.65E-08,0.001132,1.799
5.55E-08,0.002931,1.82
1.89E-07,0.002372,1.653
8.92E-08,0.001173,1.757
5.39E-08,0.001985,1.802
1.37E-07,0.003,1.686
6.70E-08,0.002339,1.823
2.77E-08,0.0009933,1.886
8.96E-08,0.001452,1.757
3.79E-08,0.001012,1.872
3.09E-08,0.001244,1.88
1.32E-08,0.001125,2
4.88E-08,0.001325,1.853
1.97E-07,0.002786,1.662
2.81E-08,0.001408,1.904
1.53E-07,0.002926,1.663
1.58E-07,0.002615,1.678
3.41E-08,0.001247,1.857
7.68E-08,0.0015,1.771
4.73E-08,0.001402,1.838
2.58E-08,0.001369,1.941
1.44E-07,0.002783,1.692
2.16E-07,0.002191,1.629
1.03E-07,0.001829,1.705
1.22E-07,0.001986,1.717
3.97E-08,0.001184,1.862
2.93E-08,0.001019,1.908
3.44E-08,0.0009707,1.881
1.29E-08,0.0006697,1.992
1.51E-07,0.001301,1.643
2.39E-07,0.002143,1.604
3.72E-08,0.0008371,1.846
1.48E-08,0.001022,2
2.89E-08,0.001306,1.896
4.31E-08,0.001091,1.846
6.61E-08,0.0009098,1.771
1.70E-08,0.001756,1.983
1.59E-08,0.001235,2
4.46E-08,0.001426,1.835
7.50E-08,0.002157,1.759
1.49E-07,0.001715,1.669
2.68E-08,0.001233,1.899
5.64E-08,0.0008725,1.829
2.73E-08,0.0006786,1.877
1.31E-07,0.001957,1.691
2.99E-07,0.001274,1.585
1.65E-08,0.001307,2
2.82E-08,0.0008466,1.9
3.77E-07,0.00336,1.573
7.01E-08,0.001593,1.773
1.33E-07,0.001792,1.696
3.48E-07,0.002815,1.563
2.11E-08,0.0009044,1.931
1.02E-07,0.002988,1.741
1.18E-07,0.002051,1.727
1.57E-08,0.0005218,1.993
5.95E-08,0.0009138,1.806
3.03E-08,0.001166,1.915
3.74E-08,0.001565,1.862
8.97E-08,0.001966,1.765
2.16E-08,0.0006524,1.945
4.89E-08,0.001212,1.817
5.74E-08,0.0006753,1.808
2.58E-08,0.002261,1.913
5.12E-08,0.001165,1.831
2.26E-07,0.002885,1.639
2.14E-08,0.001099,1.928
7.79E-08,0.002132,1.778
4.79E-08,0.001057,1.849
7.22E-08,0.001983,1.81
7.50E-08,0.002322,1.767
2.61E-08,0.001771,1.918
2.01E-08,0.0009264,1.933
4.61E-08,0.0006131,1.831
5.44E-08,0.001261,1.793
1.44E-08,0.0007703,2
3.82E-08,0.001793,1.88
2.41E-07,0.001533,1.625
2.44E-08,0.001403,1.94
7.22E-08,0.001147,1.776
4.66E-08,0.001068,1.854
5.60E-08,0.001166,1.806
1.42E-08,0.0012,1.998
1.91E-08,0.001117,1.945
1.95E-07,0.002995,1.659
4.98E-08,0.0008479,1.819
7.41E-08,0.00232,1.794
1.21E-07,0.001318,1.709
3.68E-08,0.001439,1.865
5.46E-08,0.001324,1.856
1.30E-08,0.001311,2
4.69E-08,0.001512,1.832
5.13E-08,0.001151,1.794
1.71E-08,0.001021,1.979
2.29E-07,0.001413,1.611
2.68E-07,0.001916,1.612
3.35E-08,0.0009432,1.873
2.65E-07,0.002272,1.616
4.93E-08,0.002813,1.85
4.82E-08,0.000959,1.813
4.35E-08,0.001183,1.83
9.43E-08,0.002669,1.742
3.98E-08,0.001298,1.871
9.25E-08,0.002612,1.739
9.00E-08,0.001042,1.768
2.96E-08,0.001156,1.888
2.68E-08,0.001205,1.922
3.16E-08,0.001838,1.918
3.51E-08,0.001533,1.885
3.55E-08,0.001841,1.885
3.39E-08,0.0005243,1.857
8.00E-08,0.0012,1.777
1.88E-08,0.001704,1.95
9.25E-08,0.00137,1.744
7.96E-08,0.001702,1.779
3.86E-08,0.0008686,1.87
3.09E-07,0.002897,1.606
2.11E-08,0.0007434,1.936
3.59E-08,0.001914,1.858
6.02E-08,0.001059,1.82
1.68E-08,0.0008455,1.965
1.41E-08,0.001298,1.992
1.85E-08,0.001617,1.97
1.07E-07,0.001471,1.738
3.01E-07,0.001869,1.587
6.21E-08,0.001485,1.815
1.59E-08,0.001986,1.991
1.57E-07,0.002168,1.689
5.36E-08,0.001794,1.819
1.77E-08,0.0007206,1.958
5.84E-08,0.001875,1.796
1.37E-07,0.001989,1.685
3.33E-08,0.001548,1.885
7.09E-08,0.001274,1.766
2.66E-08,0.001197,1.939
3.94E-08,0.001561,1.868
8.92E-08,0.002795,1.799
4.40E-07,0.002337,1.521
2.65E-08,0.0009585,1.919
1.71E-08,0.001331,1.99
4.10E-08,0.0006337,1.867
2.30E-08,0.001199,1.904
1.70E-08,0.001445,2
1.91E-08,0.001508,1.95
8.67E-08,0.001133,1.74
2.24E-08,0.001524,1.941
2.07E-08,0.001797,1.938
5.44E-08,0.002061,1.813
2.63E-07,0.002721,1.598
3.18E-08,0.001384,1.896
6.15E-08,0.001564,1.797
7.99E-08,0.0009448,1.753
1.20E-07,0.002154,1.717
1.79E-08,0.0009194,1.972
3.40E-08,0.001037,1.861
2.99E-08,0.001447,1.897
7.55E-08,0.001032,1.78
3.65E-08,0.0008544,1.876
7.00E-08,0.001658,1.8
4.99E-08,0.00181,1.85
7.55E-08,0.001572,1.777
1.02E-07,0.00202,1.758
3.58E-08,0.000755,1.859
3.47E-08,0.001129,1.868
1.52E-08,0.001202,1.958
3.87E-08,0.00088,1.874
2.21E-08,0.000695,1.945
6.08E-08,0.001317,1.794
3.62E-08,0.002183,1.874
6.19E-08,0.001221,1.795
3.13E-08,0.001227,1.872
1.27E-08,0.0008691,2
4.50E-08,0.0009793,1.847
9.91E-08,0.001849,1.73
1.46E-07,0.001766,1.686
4.55E-08,0.0008125,1.831
4.67E-08,0.00146,1.852
8.83E-08,0.0007649,1.744
7.42E-08,0.001482,1.768
3.13E-08,0.001666,1.898
3.17E-08,0.0009405,1.878
6.91E-08,0.001263,1.787
7.84E-08,0.001149,1.763
2.22E-08,0.001758,1.959
3.66E-07,0.001748,1.558
3.51E-08,0.0009878,1.88
1.42E-08,0.001238,2
6.06E-08,0.00151,1.798
1.45E-08,0.0005507,2
9.91E-08,0.001925,1.757
1.74E-07,0.001359,1.657
1.36E-08,0.001148,2
1.07E-07,0.001212,1.705
4.16E-08,0.00139,1.86
4.87E-08,0.001518,1.837
1.29E-07,0.001279,1.696
4.51E-08,0.001178,1.841
3.06E-08,0.0009525,1.885
5.78E-08,0.001357,1.824
6.99E-08,0.0009905,1.794
8.93E-08,0.001972,1.759
5.61E-08,0.001474,1.814
3.46E-08,0.001278,1.872
7.51E-08,0.001039,1.794
4.53E-07,0.002874,1.526
1.96E-07,0.00122,1.665
4.04E-08,0.0006842,1.857
8.78E-08,0.00184,1.762
1.15E-07,0.001436,1.694
2.16E-08,0.001373,1.942
9.53E-08,0.00224,1.743
5.96E-08,0.002394,1.829
1.49E-08,0.0009601,2
2.86E-08,0.00134,1.889
1.51E-08,0.0008621,2
1.74E-07,0.002287,1.665
4.71E-08,0.0009276,1.854
8.30E-08,0.001217,1.762
3.06E-08,0.001279,1.901
3.90E-07,0.002083,1.536
4.19E-08,0.001766,1.846
1.40E-07,0.001688,1.713
4.16E-07,0.002782,1.573
6.03E-08,0.001844,1.806
1.08E-07,0.001944,1.686
2.54E-08,0.0007908,1.916
1.47E-07,0.001921,1.646
2.73E-07,0.001222,1.607
1.62E-08,0.0006872,1.976
1.85E-08,0.001396,1.973
5.58E-08,0.001526,1.825
2.41E-08,0.001333,1.914
4.99E-08,0.0008125,1.824
7.95E-08,0.001714,1.766
1.55E-08,0.001342,1.988
7.34E-08,0.002619,1.778
5.70E-08,0.001331,1.809
5.06E-08,0.001712,1.845
5.80E-08,0.000947,1.827
4.12E-08,0.00153,1.886
1.09E-07,0.002662,1.739
3.32E-08,0.001009,1.864
1.65E-08,0.001232,1.981
3.95E-08,0.001263,1.883
2.82E-08,0.0013,1.881
4.50E-08,0.002419,1.86
1.29E-07,0.001968,1.71
1.45E-07,0.002073,1.697
3.54E-07,0.0009679,1.544
1.47E-08,0.000959,2
5.11E-08,0.001129,1.826
2.54E-08,0.001518,1.907
5.81E-08,0.001668,1.839
1.58E-08,0.001137,1.988
1.67E-08,0.001119,1.989
1.13E-07,0.002105,1.72
1.66E-08,0.001141,1.976
2.88E-08,0.001785,1.905
1.40E-07,0.001908,1.703
6.17E-08,0.0009848,1.803
2.76E-08,0.0007716,1.896
3.55E-08,0.001322,1.871
1.33E-07,0.00191,1.699
9.15E-08,0.0009088,1.771
1.15E-07,0.001123,1.721
5.34E-08,0.001451,1.841
1.06E-07,0.001109,1.745
7.07E-08,0.002126,1.791
1.82E-08,0.0009981,1.954
1.17E-07,0.001532,1.698
2.70E-08,0.00122,1.93
2.30E-08,0.001193,1.945
1.83E-07,0.001431,1.668
4.37E-08,0.00174,1.843
1.47E-08,0.0007152,1.999
1.44E-08,0.0006843,2
7.09E-08,0.001447,1.804
2.53E-07,0.002535,1.614
1.91E-07,0.001554,1.635
2.53E-08,0.0009795,1.927
1.03E-07,0.001269,1.719
3.34E-07,0.001685,1.576
5.69E-08,0.002176,1.824
3.49E-07,0.001833,1.562
3.72E-08,0.001955,1.874
1.54E-07,0.0007656,1.662
1.32E-07,0.001745,1.716
3.43E-08,0.001094,1.88
5.42E-08,0.001289,1.827
1.63E-08,0.001742,1.986
1.99E-08,0.0009987,1.946
3.68E-08,0.0009722,1.881
1.83E-08,0.0009759,1.966
1.34E-07,0.0008411,1.702
5.69E-08,0.0009599,1.811
1.66E-07,0.001997,1.676
1.39E-08,0.001339,2
1.36E-08,0.001609,2
2.36E-08,0.001026,1.93
1.72E-08,0.001019,1.959
1.90E-08,0.001269,1.976
2.61E-08,0.002054,1.933
6.25E-08,0.00119,1.813
2.94E-08,0.002789,1.909
3.27E-08,0.001911,1.874
3.59E-08,0.001466,1.892
5.23E-08,0.001332,1.816
3.70E-08,0.001963,1.864
6.07E-08,0.002283,1.821
1.96E-08,0.002192,1.944
5.94E-08,0.0008886,1.809
3.50E-08,0.001581,1.903
5.22E-08,0.001496,1.814
1.92E-08,0.001007,1.954
9.17E-07,0.002273,1.451
4.44E-08,0.001168,1.83
2.64E-08,0.0007126,1.904
3.63E-07,0.0008872,1.57
5.66E-08,0.001544,1.833
2.68E-08,0.0008229,1.909
1.61E-08,0.001084,1.998
4.58E-08,0.001209,1.843
3.20E-07,0.002702,1.582
1.26E-07,0.001518,1.711
3.57E-08,0.002202,1.864
5.28E-08,0.001121,1.844
3.37E-08,0.001585,1.868
2.35E-08,0.001885,1.931
1.78E-07,0.001759,1.653
1.70E-07,0.003465,1.671
7.15E-08,0.001248,1.792
7.19E-08,0.00179,1.794
1.34E-07,0.00107,1.716
4.47E-08,0.001702,1.853
7.19E-08,0.001096,1.777
2.30E-08,0.001502,1.932
4.32E-08,0.0009141,1.852
4.86E-08,0.001626,1.825
1.56E-08,0.001183,2
4.04E-08,0.001294,1.858
1.22E-07,0.0006258,1.695
2.21E-08,0.001034,1.919
3.01E-08,0.0009096,1.865
2.61E-07,0.001314,1.588
3.51E-08,0.001428,1.889
2.62E-07,0.002843,1.614
1.29E-08,0.001843,2
4.11E-07,0.001937,1.563
2.42E-08,0.001131,1.929
1.82E-07,0.001778,1.656
5.97E-08,0.002229,1.815
8.69E-07,0.002298,1.436
1.42E-07,0.001824,1.683
5.61E-08,0.001317,1.807
6.08E-08,0.002579,1.843
1.27E-08,0.0004209,2
2.80E-08,0.001111,1.9
7.24E-08,0.00135,1.785
8.23E-08,0.00174,1.763
2.93E-07,0.002746,1.622
1.27E-08,0.0008331,2
7.16E-08,0.001306,1.785
6.59E-08,0.00124,1.796
1.36E-07,0.001446,1.692
3.12E-07,0.001754,1.6
5.78E-08,0.0009995,1.798
8.49E-08,0.0009142,1.742
6.64E-08,0.001882,1.801
6.38E-08,0.001521,1.804
2.48E-08,0.0007755,1.913
1.51E-07,0.001713,1.676
1.47E-07,0.002009,1.67
4.02E-08,0.001386,1.865
8.97E-08,0.0008337,1.73
1.09E-07,0.001179,1.692
1.38E-08,0.0009878,1.992
1.74E-07,0.001118,1.665
8.15E-08,0.001217,1.766
2.49E-08,0.001276,1.91
4.47E-08,0.001609,1.842
1.79E-08,0.0008429,1.978
5.96E-08,0.0009673,1.788
3.23E-08,0.0008556,1.878
1.14E-07,0.001967,1.741
9.56E-08,0.001258,1.759
2.46E-08,0.001251,1.93
4.27E-08,0.0009986,1.841
1.94E-08,0.001548,1.967
5.62E-08,0.0009192,1.819
1.97E-08,0.001037,1.974
4.59E-07,0.003796,1.552
1.57E-08,0.0008106,1.996
1.71E-08,0.001421,1.956
6.88E-08,0.002373,1.776
6.03E-08,0.000806,1.788
1.66E-08,0.001171,1.981
3.75E-08,0.0028,1.886
1.63E-08,0.0008065,1.979
2.87E-08,0.001889,1.901
3.61E-08,0.001432,1.878
2.03E-08,0.001099,1.958
2.83E-08,0.001414,1.897
1.43E-07,0.001556,1.688
2.38E-08,0.001193,1.931
1.25E-08,0.001156,2
1.35E-08,0.0007073,2
6.04E-08,0.001031,1.818
9.11E-08,0.001466,1.733
1.04E-07,0.001276,1.747
2.43E-08,0.002096,1.927
1.95E-08,0.001961,1.954
2.16E-08,0.001213,1.954
1.99E-07,0.001618,1.637
1.06E-07,0.001246,1.734
7.61E-08,0.00162,1.778
1.36E-08,0.0009369,1.998
2.24E-08,0.001993,1.946
5.59E-08,0.001589,1.812
4.84E-08,0.001852,1.819
6.95E-08,0.001333,1.796
4.42E-08,0.002195,1.871
3.32E-08,0.001395,1.883
1.33E-07,0.001268,1.68
3.65E-08,0.001677,1.873
8.91E-08,0.001859,1.746
1.76E-08,0.0006359,1.988
4.94E-08,0.0009899,1.847
2.60E-08,0.00169,1.908
1.58E-08,0.001478,2
3.80E-08,0.001373,1.866
6.65E-08,0.0009562,1.797
4.86E-08,0.001102,1.844
1.32E-08,0.001057,2
1.69E-08,0.00103,1.966
1.38E-07,0.0008791,1.678
9.24E-08,0.00165,1.732
1.46E-08,0.001617,2
1.97E-07,0.001559,1.635
6.58E-07,0.004243,1.508
1.77E-07,0.002802,1.651
1.29E-07,0.00287,1.708
6.12E-08,0.001841,1.789
8.04E-08,0.001213,1.748
8.61E-08,0.0009239,1.746
6.03E-08,0.002942,1.798
8.87E-08,0.001989,1.767
7.13E-08,0.001566,1.817
1.11E-07,0.002417,1.742
1.50E-08,0.001228,2
3.59E-08,0.002334,1.893
5.52E-08,0.001691,1.825
6.54E-08,0.001045,1.802
3.73E-08,0.002279,1.886
2.55E-08,0.0007691,1.928
1.39E-07,0.00128,1.681
4.41E-08,0.001179,1.853
5.66E-08,0.001313,1.806
4.90E-08,0.002067,1.821
6.84E-08,0.002425,1.785
1.43E-07,0.002089,1.696
2.27E-07,0.001066,1.625
3.03E-08,0.001133,1.92
1.70E-07,0.00317,1.653
1.39E-08,0.001024,2
4.13E-08,0.001447,1.867
1.51E-08,0.0007687,1.995
3.44E-08,0.00121,1.868
1.34E-07,0.001512,1.711
2.50E-08,0.00112,1.925
3.97E-08,0.001144,1.854
2.12E-08,0.0009603,1.946
1.04E-07,0.00126,1.738
5.99E-08,0.0009157,1.791
3.18E-08,0.001838,1.909
1.10E-07,0.0009459,1.736
2.45E-08,0.001545,1.918
5.13E-08,0.001604,1.836
9.46E-08,0.001176,1.744
1.56E-08,0.0007609,1.988
1.24E-07,0.002174,1.717
2.76E-07,0.00142,1.59
1.67E-08,0.00087,1.973
6.27E-08,0.001297,1.795
1.80E-07,0.0009675,1.637
2.19E-07,0.002657,1.63
8.41E-08,0.003162,1.761
1.56E-07,0.003777,1.701
4.45E-08,0.001637,1.832
2.11E-07,0.002014,1.644
6.77E-08,0.002176,1.772
3.82E-08,0.001225,1.868
1.54E-07,0.002125,1.66
4.14E-08,0.001372,1.863
6.02E-08,0.001398,1.787
9.89E-08,0.0009518,1.734
2.59E-08,0.001327,1.916
1.35E-08,0.0005167,2
8.42E-08,0.0009014,1.758
1.90E-08,0.00118,1.945
6.08E-08,0.00115,1.803
6.63E-08,0.001032,1.789
6.06E-07,0.002037,1.487
3.16E-08,0.0008198,1.875
1.37E-08,0.0008208,2
8.95E-08,0.0008664,1.741
4.17E-08,0.001747,1.87
1.40E-07,0.001949,1.693
3.54E-08,0.0008668,1.861
4.24E-08,0.001674,1.87
8.36E-08,0.001144,1.731
1.80E-08,0.0005825,1.954
7.40E-08,0.001458,1.756
1.29E-07,0.001134,1.721
1.19E-07,0.002199,1.729
9.03E-08,0.001759,1.74
8.96E-08,0.003507,1.754
3.62E-08,0.00159,1.883
1.56E-08,0.002117,2
2.69E-08,0.0009967,1.896
2.22E-08,0.000961,1.942
1.26E-07,0.002496,1.7
2.77E-08,0.001313,1.933
1.98E-07,0.001689,1.661
5.56E-08,0.001184,1.81
1.59E-08,0.001489,2
1.12E-07,0.001249,1.697
1.41E-08,0.0009098,1.981
5.18E-08,0.00221,1.817
3.96E-08,0.001251,1.859
4.88E-08,0.001555,1.83
2.85E-08,0.0005642,1.922
1.33E-08,0.0005513,2
2.63E-08,0.00153,1.932
2.49E-08,0.001851,1.923
2.30E-07,0.002075,1.625
3.49E-08,0.002366,1.878
1.63E-08,0.00144,1.997
5.45E-08,0.002155,1.838
5.08E-08,0.002071,1.828
4.70E-08,0.001086,1.857
1.29E-07,0.00164,1.698
5.21E-08,0.001128,1.821
3.39E-08,0.001743,1.887
3.69E-08,0.00174,1.879
5.29E-08,0.001189,1.828
1.41E-08,0.001162,2
2.35E-08,0.001341,1.929
8.40E-08,0.001519,1.763
2.64E-08,0.001096,1.926
1.01E-07,0.001296,1.723
7.41E-08,0.001201,1.79
1.22E-08,0.0005254,2
1.59E-08,0.0008636,1.931
4.54E-08,0.001147,1.844
7.12E-08,0.001758,1.779
2.02E-07,0.001443,1.647
1.33E-08,0.0009854,2
2.99E-08,0.0008628,1.918
7.02E-07,0.001491,1.46
8.44E-08,0.0007537,1.746
8.38E-08,0.001702,1.788
1.60E-08,0.001737,1.984
2.22E-07,0.00169,1.621
6.36E-08,0.001324,1.798
1.63E-08,0.0009995,1.99
6.64E-07,0.0009465,1.461
6.68E-08,0.0007338,1.773
1.30E-08,0.0008847,2
1.37E-08,0.000756,2
2.93E-08,0.0009396,1.886
1.26E-07,0.002066,1.708
5.26E-08,0.0008527,1.833
3.49E-08,0.001357,1.864
1.41E-08,0.0008003,2
2.41E-07,0.002847,1.613
5.43E-08,0.001383,1.845
3.10E-08,0.0009393,1.901
6.70E-08,0.001184,1.799
1.43E-08,0.0009806,2
1.15E-07,0.001105,1.724
1.40E-08,0.0007158,2
9.05E-08,0.001707,1.785
